{"inputUnits":[17],"outputUnits":2,"inputs":{"nose":{"dtype":"number","min":0.9991578767750932,"max":1.004271665525893},"leftEye":{"dtype":"number","min":0.9991173458912037,"max":1.0042446856415417},"rightEye":{"dtype":"number","min":0.9978195221651368,"max":1.0050193252408026},"leftEar":{"dtype":"number","min":0.9991932359627375,"max":1.0027171278555855},"rightEar":{"dtype":"number","min":0.9992002723679017,"max":1.0041384910347808},"leftShoulder":{"dtype":"number","min":0.9983786549992728,"max":1.00404457695712},"rightShoulder":{"dtype":"number","min":0.9992368437226531,"max":1.006836370641901},"leftElbow":{"dtype":"number","min":1.0004653822358553,"max":1.0045026769804999},"rightElbow":{"dtype":"number","min":1.0003671724518046,"max":1.0114307566452816},"leftWrist":{"dtype":"number","min":1.0018339148277446,"max":1.0300270745223894},"rightWrist":{"dtype":"number","min":1.002586203422503,"max":1.0194366180216625},"leftHip":{"dtype":"number","min":0.998337697701482,"max":1.0052615212722766},"rightHip":{"dtype":"number","min":0.9982806449399207,"max":1.0062890563861695},"leftKnee":{"dtype":"number","min":0.8552361330993841,"max":1.023022639115683},"rightKnee":{"dtype":"number","min":0.8910620182638157,"max":1.4058708640015638},"leftAnkle":{"dtype":"number","min":0.9961978661325479,"max":1.2146446333883236},"rightAnkle":{"dtype":"number","min":0.9902681775455058,"max":1.009507779433007}},"outputs":{"movement":{"dtype":"string","min":0,"max":1,"uniqueValues":["normal","wave"],"legend":{"normal":[1,0],"wave":[0,1]}}},"isNormalized":true}